{
  "project_info": {
    "project_number": "123766288713",
    "project_id": "practica01hjaf",
    "storage_bucket": "practica01hjaf.appspot.com"
  },
  "client": [
    {
      "client_info": {
        "mobilesdk_app_id": "1:123766288713:android:ba677b4b4a5f2de8c1aa98",
        "android_client_info": {
          "package_name": "com.example.practica01_hjaf"
        }
      },
      "oauth_client": [
        {
          "client_id": "123766288713-1aisfuliq5tui3bi1oqa9rnsqdgsmmgq.apps.googleusercontent.com",
          "client_type": 1,
          "android_info": {
            "package_name": "com.example.practica01_hjaf",
            "certificate_hash": "ad36eb7e76f11da0e705863e22709f122a03367a"
          }
        },
        {
          "client_id": "123766288713-rm8of41rfegneeabrr00gk1js28qfiu2.apps.googleusercontent.com",
          "client_type": 3
        }
      ],
      "api_key": [
        {
          "current_key": "AIzaSyC7LZEUpgudu1lIqT6ka6TcbLezbb6St68"
        }
      ],
      "services": {
        "appinvite_service": {
          "other_platform_oauth_client": [
            {
              "client_id": "123766288713-rm8of41rfegneeabrr00gk1js28qfiu2.apps.googleusercontent.com",
              "client_type": 3
            }
          ]
        }
      }
    }
  ],
  "configuration_version": "1"
}